Image File Path,Tumor Prediction
hdfs://hadoop-master:9000/lsdp_dataset/small_lsdp_dataset/2.8Gb Dignosis for Cancer_DOI_R_004_1.3.6.1.4.1.14519.5.2.1.4320.5030.248552508121514040263344871813_1.3.6.1.4.1.14519.5.2.1.4320.5030.966354075876482042295761929295_000053,yes
hdfs://hadoop-master:9000/lsdp_dataset/small_lsdp_dataset/2.8Gb Dignosis for Cancer_DOI_R_004_1.3.6.1.4.1.14519.5.2.1.4320.5030.248552508121514040263344871813_1.3.6.1.4.1.14519.5.2.1.4320.5030.966354075876482042295761929295_000054,yes
hdfs://hadoop-master:9000/lsdp_dataset/small_lsdp_dataset/2.8Gb Dignosis for Cancer_DOI_R_004_1.3.6.1.4.1.14519.5.2.1.4320.5030.248552508121514040263344871813_1.3.6.1.4.1.14519.5.2.1.4320.5030.966354075876482042295761929295_000055,yes
hdfs://hadoop-master:9000/lsdp_dataset/small_lsdp_dataset/2.8Gb Dignosis for Cancer_DOI_R_004_1.3.6.1.4.1.14519.5.2.1.4320.5030.248552508121514040263344871813_1.3.6.1.4.1.14519.5.2.1.4320.5030.966354075876482042295761929295_000056,yes
hdfs://hadoop-master:9000/lsdp_dataset/small_lsdp_dataset/2.8Gb Dignosis for Cancer_DOI_R_004_1.3.6.1.4.1.14519.5.2.1.4320.5030.248552508121514040263344871813_1.3.6.1.4.1.14519.5.2.1.4320.5030.966354075876482042295761929295_000057,yes
hdfs://hadoop-master:9000/lsdp_dataset/small_lsdp_dataset/2.8Gb Dignosis for Cancer_DOI_R_004_1.3.6.1.4.1.14519.5.2.1.4320.5030.248552508121514040263344871813_1.3.6.1.4.1.14519.5.2.1.4320.5030.966354075876482042295761929295_000058,yes
hdfs://hadoop-master:9000/lsdp_dataset/small_lsdp_dataset/2.8Gb Dignosis for Cancer_DOI_R_004_1.3.6.1.4.1.14519.5.2.1.4320.5030.248552508121514040263344871813_1.3.6.1.4.1.14519.5.2.1.4320.5030.966354075876482042295761929295_000059,yes
hdfs://hadoop-master:9000/lsdp_dataset/small_lsdp_dataset/2.8Gb Dignosis for Cancer_DOI_R_004_1.3.6.1.4.1.14519.5.2.1.4320.5030.248552508121514040263344871813_1.3.6.1.4.1.14519.5.2.1.4320.5030.966354075876482042295761929295_000060,yes
hdfs://hadoop-master:9000/lsdp_dataset/small_lsdp_dataset/2.8Gb Dignosis for Cancer_DOI_R_004_1.3.6.1.4.1.14519.5.2.1.4320.5030.248552508121514040263344871813_1.3.6.1.4.1.14519.5.2.1.4320.5030.966354075876482042295761929295_000061,yes
hdfs://hadoop-master:9000/lsdp_dataset/small_lsdp_dataset/2.8Gb Dignosis for Cancer_DOI_R_004_1.3.6.1.4.1.14519.5.2.1.4320.5030.248552508121514040263344871813_1.3.6.1.4.1.14519.5.2.1.4320.5030.966354075876482042295761929295_000062,yes
hdfs://hadoop-master:9000/lsdp_dataset/small_lsdp_dataset/2.8Gb Dignosis for Cancer_DOI_R_004_1.3.6.1.4.1.14519.5.2.1.4320.5030.248552508121514040263344871813_1.3.6.1.4.1.14519.5.2.1.4320.5030.966354075876482042295761929295_000063,yes
hdfs://hadoop-master:9000/lsdp_dataset/small_lsdp_dataset/2.8Gb Dignosis for Cancer_DOI_R_004_1.3.6.1.4.1.14519.5.2.1.4320.5030.248552508121514040263344871813_1.3.6.1.4.1.14519.5.2.1.4320.5030.966354075876482042295761929295_000064,yes
hdfs://hadoop-master:9000/lsdp_dataset/small_lsdp_dataset/2.8Gb Dignosis for Cancer_DOI_R_004_1.3.6.1.4.1.14519.5.2.1.4320.5030.248552508121514040263344871813_1.3.6.1.4.1.14519.5.2.1.4320.5030.966354075876482042295761929295_000065,yes
hdfs://hadoop-master:9000/lsdp_dataset/small_lsdp_dataset/2.8Gb Dignosis for Cancer_DOI_R_004_1.3.6.1.4.1.14519.5.2.1.4320.5030.248552508121514040263344871813_1.3.6.1.4.1.14519.5.2.1.4320.5030.966354075876482042295761929295_000066,yes
hdfs://hadoop-master:9000/lsdp_dataset/small_lsdp_dataset/2.8Gb Dignosis for Cancer_DOI_R_004_1.3.6.1.4.1.14519.5.2.1.4320.5030.248552508121514040263344871813_1.3.6.1.4.1.14519.5.2.1.4320.5030.966354075876482042295761929295_000067,yes
hdfs://hadoop-master:9000/lsdp_dataset/small_lsdp_dataset/2.8Gb Dignosis for Cancer_DOI_R_006_1.3.6.1.4.1.14519.5.2.1.4320.5030.203059346048546067166621241946_1.3.6.1.4.1.14519.5.2.1.4320.5030.113686129632252779806152571225_000000,no
hdfs://hadoop-master:9000/lsdp_dataset/small_lsdp_dataset/2.8Gb Dignosis for Cancer_DOI_R_006_1.3.6.1.4.1.14519.5.2.1.4320.5030.203059346048546067166621241946_1.3.6.1.4.1.14519.5.2.1.4320.5030.113686129632252779806152571225_000001,no
hdfs://hadoop-master:9000/lsdp_dataset/small_lsdp_dataset/2.8Gb Dignosis for Cancer_DOI_R_006_1.3.6.1.4.1.14519.5.2.1.4320.5030.203059346048546067166621241946_1.3.6.1.4.1.14519.5.2.1.4320.5030.113686129632252779806152571225_000002,yes
hdfs://hadoop-master:9000/lsdp_dataset/small_lsdp_dataset/2.8Gb Dignosis for Cancer_DOI_R_006_1.3.6.1.4.1.14519.5.2.1.4320.5030.203059346048546067166621241946_1.3.6.1.4.1.14519.5.2.1.4320.5030.113686129632252779806152571225_000003,no
hdfs://hadoop-master:9000/lsdp_dataset/small_lsdp_dataset/2.8Gb Dignosis for Cancer_DOI_R_006_1.3.6.1.4.1.14519.5.2.1.4320.5030.203059346048546067166621241946_1.3.6.1.4.1.14519.5.2.1.4320.5030.113686129632252779806152571225_000004,yes
hdfs://hadoop-master:9000/lsdp_dataset/small_lsdp_dataset/2.8Gb Dignosis for Cancer_DOI_R_006_1.3.6.1.4.1.14519.5.2.1.4320.5030.203059346048546067166621241946_1.3.6.1.4.1.14519.5.2.1.4320.5030.113686129632252779806152571225_000005,no
hdfs://hadoop-master:9000/lsdp_dataset/small_lsdp_dataset/2.8Gb Dignosis for Cancer_DOI_R_006_1.3.6.1.4.1.14519.5.2.1.4320.5030.203059346048546067166621241946_1.3.6.1.4.1.14519.5.2.1.4320.5030.113686129632252779806152571225_000006,yes
hdfs://hadoop-master:9000/lsdp_dataset/small_lsdp_dataset/2.8Gb Dignosis for Cancer_DOI_R_006_1.3.6.1.4.1.14519.5.2.1.4320.5030.203059346048546067166621241946_1.3.6.1.4.1.14519.5.2.1.4320.5030.113686129632252779806152571225_000007,no
hdfs://hadoop-master:9000/lsdp_dataset/small_lsdp_dataset/2.8Gb Dignosis for Cancer_DOI_R_006_1.3.6.1.4.1.14519.5.2.1.4320.5030.203059346048546067166621241946_1.3.6.1.4.1.14519.5.2.1.4320.5030.113686129632252779806152571225_000008,yes
hdfs://hadoop-master:9000/lsdp_dataset/small_lsdp_dataset/2.8Gb Dignosis for Cancer_DOI_R_006_1.3.6.1.4.1.14519.5.2.1.4320.5030.203059346048546067166621241946_1.3.6.1.4.1.14519.5.2.1.4320.5030.113686129632252779806152571225_000009,yes
hdfs://hadoop-master:9000/lsdp_dataset/small_lsdp_dataset/2.8Gb Dignosis for Cancer_DOI_R_006_1.3.6.1.4.1.14519.5.2.1.4320.5030.203059346048546067166621241946_1.3.6.1.4.1.14519.5.2.1.4320.5030.113686129632252779806152571225_000010,yes
hdfs://hadoop-master:9000/lsdp_dataset/small_lsdp_dataset/2.8Gb Dignosis for Cancer_DOI_R_006_1.3.6.1.4.1.14519.5.2.1.4320.5030.203059346048546067166621241946_1.3.6.1.4.1.14519.5.2.1.4320.5030.113686129632252779806152571225_000011,yes
hdfs://hadoop-master:9000/lsdp_dataset/small_lsdp_dataset/2.8Gb Dignosis for Cancer_DOI_R_006_1.3.6.1.4.1.14519.5.2.1.4320.5030.203059346048546067166621241946_1.3.6.1.4.1.14519.5.2.1.4320.5030.113686129632252779806152571225_000012,yes
hdfs://hadoop-master:9000/lsdp_dataset/small_lsdp_dataset/2.8Gb Dignosis for Cancer_DOI_R_006_1.3.6.1.4.1.14519.5.2.1.4320.5030.203059346048546067166621241946_1.3.6.1.4.1.14519.5.2.1.4320.5030.113686129632252779806152571225_000013,yes
hdfs://hadoop-master:9000/lsdp_dataset/small_lsdp_dataset/2.8Gb Dignosis for Cancer_DOI_R_006_1.3.6.1.4.1.14519.5.2.1.4320.5030.203059346048546067166621241946_1.3.6.1.4.1.14519.5.2.1.4320.5030.113686129632252779806152571225_000014,yes
hdfs://hadoop-master:9000/lsdp_dataset/small_lsdp_dataset/2.8Gb Dignosis for Cancer_DOI_R_006_1.3.6.1.4.1.14519.5.2.1.4320.5030.203059346048546067166621241946_1.3.6.1.4.1.14519.5.2.1.4320.5030.113686129632252779806152571225_000015,yes
hdfs://hadoop-master:9000/lsdp_dataset/small_lsdp_dataset/2.8Gb Dignosis for Cancer_DOI_R_006_1.3.6.1.4.1.14519.5.2.1.4320.5030.203059346048546067166621241946_1.3.6.1.4.1.14519.5.2.1.4320.5030.113686129632252779806152571225_000016,yes
hdfs://hadoop-master:9000/lsdp_dataset/small_lsdp_dataset/2.8Gb Dignosis for Cancer_DOI_R_006_1.3.6.1.4.1.14519.5.2.1.4320.5030.203059346048546067166621241946_1.3.6.1.4.1.14519.5.2.1.4320.5030.113686129632252779806152571225_000017,yes
hdfs://hadoop-master:9000/lsdp_dataset/small_lsdp_dataset/2.8Gb Dignosis for Cancer_DOI_R_006_1.3.6.1.4.1.14519.5.2.1.4320.5030.203059346048546067166621241946_1.3.6.1.4.1.14519.5.2.1.4320.5030.113686129632252779806152571225_000018,yes
hdfs://hadoop-master:9000/lsdp_dataset/small_lsdp_dataset/2.8Gb Dignosis for Cancer_DOI_R_006_1.3.6.1.4.1.14519.5.2.1.4320.5030.203059346048546067166621241946_1.3.6.1.4.1.14519.5.2.1.4320.5030.113686129632252779806152571225_000019,yes
hdfs://hadoop-master:9000/lsdp_dataset/small_lsdp_dataset/2.8Gb Dignosis for Cancer_DOI_R_006_1.3.6.1.4.1.14519.5.2.1.4320.5030.203059346048546067166621241946_1.3.6.1.4.1.14519.5.2.1.4320.5030.113686129632252779806152571225_000020,yes
hdfs://hadoop-master:9000/lsdp_dataset/small_lsdp_dataset/2.8Gb Dignosis for Cancer_DOI_R_006_1.3.6.1.4.1.14519.5.2.1.4320.5030.203059346048546067166621241946_1.3.6.1.4.1.14519.5.2.1.4320.5030.113686129632252779806152571225_000021,yes
hdfs://hadoop-master:9000/lsdp_dataset/small_lsdp_dataset/2.8Gb Dignosis for Cancer_DOI_R_006_1.3.6.1.4.1.14519.5.2.1.4320.5030.203059346048546067166621241946_1.3.6.1.4.1.14519.5.2.1.4320.5030.113686129632252779806152571225_000022,yes
hdfs://hadoop-master:9000/lsdp_dataset/small_lsdp_dataset/2.8Gb Dignosis for Cancer_DOI_R_006_1.3.6.1.4.1.14519.5.2.1.4320.5030.203059346048546067166621241946_1.3.6.1.4.1.14519.5.2.1.4320.5030.113686129632252779806152571225_000023,yes
hdfs://hadoop-master:9000/lsdp_dataset/small_lsdp_dataset/2.8Gb Dignosis for Cancer_DOI_R_006_1.3.6.1.4.1.14519.5.2.1.4320.5030.203059346048546067166621241946_1.3.6.1.4.1.14519.5.2.1.4320.5030.113686129632252779806152571225_000024,yes
hdfs://hadoop-master:9000/lsdp_dataset/small_lsdp_dataset/2.8Gb Dignosis for Cancer_DOI_R_006_1.3.6.1.4.1.14519.5.2.1.4320.5030.203059346048546067166621241946_1.3.6.1.4.1.14519.5.2.1.4320.5030.113686129632252779806152571225_000025,yes
hdfs://hadoop-master:9000/lsdp_dataset/small_lsdp_dataset/2.8Gb Dignosis for Cancer_DOI_R_006_1.3.6.1.4.1.14519.5.2.1.4320.5030.203059346048546067166621241946_1.3.6.1.4.1.14519.5.2.1.4320.5030.113686129632252779806152571225_000026,yes
hdfs://hadoop-master:9000/lsdp_dataset/small_lsdp_dataset/2.8Gb Dignosis for Cancer_DOI_R_006_1.3.6.1.4.1.14519.5.2.1.4320.5030.203059346048546067166621241946_1.3.6.1.4.1.14519.5.2.1.4320.5030.113686129632252779806152571225_000027,yes
hdfs://hadoop-master:9000/lsdp_dataset/small_lsdp_dataset/2.8Gb Dignosis for Cancer_DOI_R_006_1.3.6.1.4.1.14519.5.2.1.4320.5030.203059346048546067166621241946_1.3.6.1.4.1.14519.5.2.1.4320.5030.113686129632252779806152571225_000028,yes
hdfs://hadoop-master:9000/lsdp_dataset/small_lsdp_dataset/2.8Gb Dignosis for Cancer_DOI_R_006_1.3.6.1.4.1.14519.5.2.1.4320.5030.203059346048546067166621241946_1.3.6.1.4.1.14519.5.2.1.4320.5030.113686129632252779806152571225_000029,yes
hdfs://hadoop-master:9000/lsdp_dataset/small_lsdp_dataset/2.8Gb Dignosis for Cancer_DOI_R_006_1.3.6.1.4.1.14519.5.2.1.4320.5030.203059346048546067166621241946_1.3.6.1.4.1.14519.5.2.1.4320.5030.113686129632252779806152571225_000030,yes
hdfs://hadoop-master:9000/lsdp_dataset/small_lsdp_dataset/2.8Gb Dignosis for Cancer_DOI_R_006_1.3.6.1.4.1.14519.5.2.1.4320.5030.203059346048546067166621241946_1.3.6.1.4.1.14519.5.2.1.4320.5030.113686129632252779806152571225_000031,yes
hdfs://hadoop-master:9000/lsdp_dataset/small_lsdp_dataset/2.8Gb Dignosis for Cancer_DOI_R_006_1.3.6.1.4.1.14519.5.2.1.4320.5030.203059346048546067166621241946_1.3.6.1.4.1.14519.5.2.1.4320.5030.113686129632252779806152571225_000032,yes
hdfs://hadoop-master:9000/lsdp_dataset/small_lsdp_dataset/2.8Gb Dignosis for Cancer_DOI_R_006_1.3.6.1.4.1.14519.5.2.1.4320.5030.203059346048546067166621241946_1.3.6.1.4.1.14519.5.2.1.4320.5030.113686129632252779806152571225_000033,yes
hdfs://hadoop-master:9000/lsdp_dataset/small_lsdp_dataset/2.8Gb Dignosis for Cancer_DOI_R_006_1.3.6.1.4.1.14519.5.2.1.4320.5030.203059346048546067166621241946_1.3.6.1.4.1.14519.5.2.1.4320.5030.113686129632252779806152571225_000034,yes
hdfs://hadoop-master:9000/lsdp_dataset/small_lsdp_dataset/2.8Gb Dignosis for Cancer_DOI_R_006_1.3.6.1.4.1.14519.5.2.1.4320.5030.203059346048546067166621241946_1.3.6.1.4.1.14519.5.2.1.4320.5030.113686129632252779806152571225_000035,yes
hdfs://hadoop-master:9000/lsdp_dataset/small_lsdp_dataset/2.8Gb Dignosis for Cancer_DOI_R_006_1.3.6.1.4.1.14519.5.2.1.4320.5030.203059346048546067166621241946_1.3.6.1.4.1.14519.5.2.1.4320.5030.113686129632252779806152571225_000036,yes
hdfs://hadoop-master:9000/lsdp_dataset/small_lsdp_dataset/2.8Gb Dignosis for Cancer_DOI_R_006_1.3.6.1.4.1.14519.5.2.1.4320.5030.203059346048546067166621241946_1.3.6.1.4.1.14519.5.2.1.4320.5030.113686129632252779806152571225_000037,yes
hdfs://hadoop-master:9000/lsdp_dataset/small_lsdp_dataset/2.8Gb Dignosis for Cancer_DOI_R_006_1.3.6.1.4.1.14519.5.2.1.4320.5030.203059346048546067166621241946_1.3.6.1.4.1.14519.5.2.1.4320.5030.113686129632252779806152571225_000038,yes
hdfs://hadoop-master:9000/lsdp_dataset/small_lsdp_dataset/2.8Gb Dignosis for Cancer_DOI_R_006_1.3.6.1.4.1.14519.5.2.1.4320.5030.203059346048546067166621241946_1.3.6.1.4.1.14519.5.2.1.4320.5030.113686129632252779806152571225_000039,yes
hdfs://hadoop-master:9000/lsdp_dataset/small_lsdp_dataset/2.8Gb Dignosis for Cancer_DOI_R_006_1.3.6.1.4.1.14519.5.2.1.4320.5030.203059346048546067166621241946_1.3.6.1.4.1.14519.5.2.1.4320.5030.113686129632252779806152571225_000040,yes
hdfs://hadoop-master:9000/lsdp_dataset/small_lsdp_dataset/2.8Gb Dignosis for Cancer_DOI_R_006_1.3.6.1.4.1.14519.5.2.1.4320.5030.203059346048546067166621241946_1.3.6.1.4.1.14519.5.2.1.4320.5030.113686129632252779806152571225_000041,yes
hdfs://hadoop-master:9000/lsdp_dataset/small_lsdp_dataset/2.8Gb Dignosis for Cancer_DOI_R_006_1.3.6.1.4.1.14519.5.2.1.4320.5030.203059346048546067166621241946_1.3.6.1.4.1.14519.5.2.1.4320.5030.113686129632252779806152571225_000042,yes
hdfs://hadoop-master:9000/lsdp_dataset/small_lsdp_dataset/2.8Gb Dignosis for Cancer_DOI_R_006_1.3.6.1.4.1.14519.5.2.1.4320.5030.203059346048546067166621241946_1.3.6.1.4.1.14519.5.2.1.4320.5030.113686129632252779806152571225_000043,yes
hdfs://hadoop-master:9000/lsdp_dataset/small_lsdp_dataset/2.8Gb Dignosis for Cancer_DOI_R_006_1.3.6.1.4.1.14519.5.2.1.4320.5030.203059346048546067166621241946_1.3.6.1.4.1.14519.5.2.1.4320.5030.113686129632252779806152571225_000044,yes
hdfs://hadoop-master:9000/lsdp_dataset/small_lsdp_dataset/2.8Gb Dignosis for Cancer_DOI_R_006_1.3.6.1.4.1.14519.5.2.1.4320.5030.203059346048546067166621241946_1.3.6.1.4.1.14519.5.2.1.4320.5030.113686129632252779806152571225_000045,yes
hdfs://hadoop-master:9000/lsdp_dataset/small_lsdp_dataset/2.8Gb Dignosis for Cancer_DOI_R_006_1.3.6.1.4.1.14519.5.2.1.4320.5030.203059346048546067166621241946_1.3.6.1.4.1.14519.5.2.1.4320.5030.113686129632252779806152571225_000046,yes
hdfs://hadoop-master:9000/lsdp_dataset/small_lsdp_dataset/2.8Gb Dignosis for Cancer_DOI_R_006_1.3.6.1.4.1.14519.5.2.1.4320.5030.203059346048546067166621241946_1.3.6.1.4.1.14519.5.2.1.4320.5030.113686129632252779806152571225_000047,yes
hdfs://hadoop-master:9000/lsdp_dataset/small_lsdp_dataset/2.8Gb Dignosis for Cancer_DOI_R_006_1.3.6.1.4.1.14519.5.2.1.4320.5030.203059346048546067166621241946_1.3.6.1.4.1.14519.5.2.1.4320.5030.113686129632252779806152571225_000048,yes
hdfs://hadoop-master:9000/lsdp_dataset/small_lsdp_dataset/2.8Gb Dignosis for Cancer_DOI_R_006_1.3.6.1.4.1.14519.5.2.1.4320.5030.203059346048546067166621241946_1.3.6.1.4.1.14519.5.2.1.4320.5030.113686129632252779806152571225_000049,yes
hdfs://hadoop-master:9000/lsdp_dataset/small_lsdp_dataset/2.8Gb Dignosis for Cancer_DOI_R_006_1.3.6.1.4.1.14519.5.2.1.4320.5030.203059346048546067166621241946_1.3.6.1.4.1.14519.5.2.1.4320.5030.113686129632252779806152571225_000050,yes
hdfs://hadoop-master:9000/lsdp_dataset/small_lsdp_dataset/2.8Gb Dignosis for Cancer_DOI_R_006_1.3.6.1.4.1.14519.5.2.1.4320.5030.203059346048546067166621241946_1.3.6.1.4.1.14519.5.2.1.4320.5030.113686129632252779806152571225_000051,yes
hdfs://hadoop-master:9000/lsdp_dataset/small_lsdp_dataset/2.8Gb Dignosis for Cancer_DOI_R_006_1.3.6.1.4.1.14519.5.2.1.4320.5030.203059346048546067166621241946_1.3.6.1.4.1.14519.5.2.1.4320.5030.113686129632252779806152571225_000052,yes
hdfs://hadoop-master:9000/lsdp_dataset/small_lsdp_dataset/2.8Gb Dignosis for Cancer_DOI_R_006_1.3.6.1.4.1.14519.5.2.1.4320.5030.203059346048546067166621241946_1.3.6.1.4.1.14519.5.2.1.4320.5030.113686129632252779806152571225_000053,yes
hdfs://hadoop-master:9000/lsdp_dataset/small_lsdp_dataset/2.8Gb Dignosis for Cancer_DOI_R_006_1.3.6.1.4.1.14519.5.2.1.4320.5030.203059346048546067166621241946_1.3.6.1.4.1.14519.5.2.1.4320.5030.113686129632252779806152571225_000054,yes
hdfs://hadoop-master:9000/lsdp_dataset/small_lsdp_dataset/2.8Gb Dignosis for Cancer_DOI_R_006_1.3.6.1.4.1.14519.5.2.1.4320.5030.203059346048546067166621241946_1.3.6.1.4.1.14519.5.2.1.4320.5030.113686129632252779806152571225_000055,yes
hdfs://hadoop-master:9000/lsdp_dataset/small_lsdp_dataset/2.8Gb Dignosis for Cancer_DOI_R_006_1.3.6.1.4.1.14519.5.2.1.4320.5030.203059346048546067166621241946_1.3.6.1.4.1.14519.5.2.1.4320.5030.113686129632252779806152571225_000056,yes
hdfs://hadoop-master:9000/lsdp_dataset/small_lsdp_dataset/2.8Gb Dignosis for Cancer_DOI_R_006_1.3.6.1.4.1.14519.5.2.1.4320.5030.203059346048546067166621241946_1.3.6.1.4.1.14519.5.2.1.4320.5030.113686129632252779806152571225_000057,yes
hdfs://hadoop-master:9000/lsdp_dataset/small_lsdp_dataset/2.8Gb Dignosis for Cancer_DOI_R_006_1.3.6.1.4.1.14519.5.2.1.4320.5030.203059346048546067166621241946_1.3.6.1.4.1.14519.5.2.1.4320.5030.113686129632252779806152571225_000058,yes
hdfs://hadoop-master:9000/lsdp_dataset/small_lsdp_dataset/2.8Gb Dignosis for Cancer_DOI_R_006_1.3.6.1.4.1.14519.5.2.1.4320.5030.203059346048546067166621241946_1.3.6.1.4.1.14519.5.2.1.4320.5030.113686129632252779806152571225_000059,yes
hdfs://hadoop-master:9000/lsdp_dataset/small_lsdp_dataset/2.8Gb Dignosis for Cancer_DOI_R_006_1.3.6.1.4.1.14519.5.2.1.4320.5030.203059346048546067166621241946_1.3.6.1.4.1.14519.5.2.1.4320.5030.113686129632252779806152571225_000060,yes
hdfs://hadoop-master:9000/lsdp_dataset/small_lsdp_dataset/2.8Gb Dignosis for Cancer_DOI_R_006_1.3.6.1.4.1.14519.5.2.1.4320.5030.203059346048546067166621241946_1.3.6.1.4.1.14519.5.2.1.4320.5030.113686129632252779806152571225_000061,yes
hdfs://hadoop-master:9000/lsdp_dataset/small_lsdp_dataset/2.8Gb Dignosis for Cancer_DOI_R_006_1.3.6.1.4.1.14519.5.2.1.4320.5030.203059346048546067166621241946_1.3.6.1.4.1.14519.5.2.1.4320.5030.113686129632252779806152571225_000062,yes
hdfs://hadoop-master:9000/lsdp_dataset/small_lsdp_dataset/2.8Gb Dignosis for Cancer_DOI_R_006_1.3.6.1.4.1.14519.5.2.1.4320.5030.203059346048546067166621241946_1.3.6.1.4.1.14519.5.2.1.4320.5030.113686129632252779806152571225_000063,yes
hdfs://hadoop-master:9000/lsdp_dataset/small_lsdp_dataset/2.8Gb Dignosis for Cancer_DOI_R_006_1.3.6.1.4.1.14519.5.2.1.4320.5030.203059346048546067166621241946_1.3.6.1.4.1.14519.5.2.1.4320.5030.113686129632252779806152571225_000064,yes
hdfs://hadoop-master:9000/lsdp_dataset/small_lsdp_dataset/2.8Gb Dignosis for Cancer_DOI_R_006_1.3.6.1.4.1.14519.5.2.1.4320.5030.203059346048546067166621241946_1.3.6.1.4.1.14519.5.2.1.4320.5030.113686129632252779806152571225_000065,yes
hdfs://hadoop-master:9000/lsdp_dataset/small_lsdp_dataset/2.8Gb Dignosis for Cancer_DOI_R_006_1.3.6.1.4.1.14519.5.2.1.4320.5030.203059346048546067166621241946_1.3.6.1.4.1.14519.5.2.1.4320.5030.113686129632252779806152571225_000066,yes
hdfs://hadoop-master:9000/lsdp_dataset/small_lsdp_dataset/2.8Gb Dignosis for Cancer_DOI_R_006_1.3.6.1.4.1.14519.5.2.1.4320.5030.203059346048546067166621241946_1.3.6.1.4.1.14519.5.2.1.4320.5030.113686129632252779806152571225_000067,yes
hdfs://hadoop-master:9000/lsdp_dataset/small_lsdp_dataset/2.8Gb Dignosis for Cancer_DOI_R_006_1.3.6.1.4.1.14519.5.2.1.4320.5030.203059346048546067166621241946_1.3.6.1.4.1.14519.5.2.1.4320.5030.113686129632252779806152571225_000068,yes
hdfs://hadoop-master:9000/lsdp_dataset/small_lsdp_dataset/2.8Gb Dignosis for Cancer_DOI_R_006_1.3.6.1.4.1.14519.5.2.1.4320.5030.203059346048546067166621241946_1.3.6.1.4.1.14519.5.2.1.4320.5030.113686129632252779806152571225_000069,yes
hdfs://hadoop-master:9000/lsdp_dataset/small_lsdp_dataset/2.8Gb Dignosis for Cancer_DOI_R_006_1.3.6.1.4.1.14519.5.2.1.4320.5030.203059346048546067166621241946_1.3.6.1.4.1.14519.5.2.1.4320.5030.113686129632252779806152571225_000070,yes
hdfs://hadoop-master:9000/lsdp_dataset/small_lsdp_dataset/2.8Gb Dignosis for Cancer_DOI_R_006_1.3.6.1.4.1.14519.5.2.1.4320.5030.203059346048546067166621241946_1.3.6.1.4.1.14519.5.2.1.4320.5030.113686129632252779806152571225_000071,yes
hdfs://hadoop-master:9000/lsdp_dataset/small_lsdp_dataset/2.8Gb Dignosis for Cancer_DOI_R_006_1.3.6.1.4.1.14519.5.2.1.4320.5030.203059346048546067166621241946_1.3.6.1.4.1.14519.5.2.1.4320.5030.113686129632252779806152571225_000072,yes
hdfs://hadoop-master:9000/lsdp_dataset/small_lsdp_dataset/2.8Gb Dignosis for Cancer_DOI_R_006_1.3.6.1.4.1.14519.5.2.1.4320.5030.203059346048546067166621241946_1.3.6.1.4.1.14519.5.2.1.4320.5030.113686129632252779806152571225_000073,yes
hdfs://hadoop-master:9000/lsdp_dataset/small_lsdp_dataset/2.8Gb Dignosis for Cancer_DOI_R_006_1.3.6.1.4.1.14519.5.2.1.4320.5030.203059346048546067166621241946_1.3.6.1.4.1.14519.5.2.1.4320.5030.113686129632252779806152571225_000074,yes
hdfs://hadoop-master:9000/lsdp_dataset/small_lsdp_dataset/2.8Gb Dignosis for Cancer_DOI_R_006_1.3.6.1.4.1.14519.5.2.1.4320.5030.203059346048546067166621241946_1.3.6.1.4.1.14519.5.2.1.4320.5030.113686129632252779806152571225_000075,yes
hdfs://hadoop-master:9000/lsdp_dataset/small_lsdp_dataset/2.8Gb Dignosis for Cancer_DOI_R_006_1.3.6.1.4.1.14519.5.2.1.4320.5030.203059346048546067166621241946_1.3.6.1.4.1.14519.5.2.1.4320.5030.113686129632252779806152571225_000076,yes
hdfs://hadoop-master:9000/lsdp_dataset/small_lsdp_dataset/2.8Gb Dignosis for Cancer_DOI_R_006_1.3.6.1.4.1.14519.5.2.1.4320.5030.203059346048546067166621241946_1.3.6.1.4.1.14519.5.2.1.4320.5030.113686129632252779806152571225_000077,yes
hdfs://hadoop-master:9000/lsdp_dataset/small_lsdp_dataset/2.8Gb Dignosis for Cancer_DOI_R_006_1.3.6.1.4.1.14519.5.2.1.4320.5030.203059346048546067166621241946_1.3.6.1.4.1.14519.5.2.1.4320.5030.113686129632252779806152571225_000078,yes
hdfs://hadoop-master:9000/lsdp_dataset/small_lsdp_dataset/2.8Gb Dignosis for Cancer_DOI_R_006_1.3.6.1.4.1.14519.5.2.1.4320.5030.203059346048546067166621241946_1.3.6.1.4.1.14519.5.2.1.4320.5030.113686129632252779806152571225_000079,yes
hdfs://hadoop-master:9000/lsdp_dataset/small_lsdp_dataset/2.8Gb Dignosis for Cancer_DOI_R_006_1.3.6.1.4.1.14519.5.2.1.4320.5030.203059346048546067166621241946_1.3.6.1.4.1.14519.5.2.1.4320.5030.113686129632252779806152571225_000080,yes
hdfs://hadoop-master:9000/lsdp_dataset/small_lsdp_dataset/2.8Gb Dignosis for Cancer_DOI_R_006_1.3.6.1.4.1.14519.5.2.1.4320.5030.203059346048546067166621241946_1.3.6.1.4.1.14519.5.2.1.4320.5030.113686129632252779806152571225_000081,yes
hdfs://hadoop-master:9000/lsdp_dataset/small_lsdp_dataset/2.8Gb Dignosis for Cancer_DOI_R_006_1.3.6.1.4.1.14519.5.2.1.4320.5030.203059346048546067166621241946_1.3.6.1.4.1.14519.5.2.1.4320.5030.113686129632252779806152571225_000082,yes
hdfs://hadoop-master:9000/lsdp_dataset/small_lsdp_dataset/2.8Gb Dignosis for Cancer_DOI_R_006_1.3.6.1.4.1.14519.5.2.1.4320.5030.203059346048546067166621241946_1.3.6.1.4.1.14519.5.2.1.4320.5030.113686129632252779806152571225_000083,yes
hdfs://hadoop-master:9000/lsdp_dataset/small_lsdp_dataset/2.8Gb Dignosis for Cancer_DOI_R_006_1.3.6.1.4.1.14519.5.2.1.4320.5030.203059346048546067166621241946_1.3.6.1.4.1.14519.5.2.1.4320.5030.113686129632252779806152571225_000084,yes
hdfs://hadoop-master:9000/lsdp_dataset/small_lsdp_dataset/2.8Gb Dignosis for Cancer_DOI_R_006_1.3.6.1.4.1.14519.5.2.1.4320.5030.203059346048546067166621241946_1.3.6.1.4.1.14519.5.2.1.4320.5030.113686129632252779806152571225_000085,yes
hdfs://hadoop-master:9000/lsdp_dataset/small_lsdp_dataset/2.8Gb Dignosis for Cancer_DOI_R_006_1.3.6.1.4.1.14519.5.2.1.4320.5030.203059346048546067166621241946_1.3.6.1.4.1.14519.5.2.1.4320.5030.113686129632252779806152571225_000086,yes
hdfs://hadoop-master:9000/lsdp_dataset/small_lsdp_dataset/2.8Gb Dignosis for Cancer_DOI_R_006_1.3.6.1.4.1.14519.5.2.1.4320.5030.203059346048546067166621241946_1.3.6.1.4.1.14519.5.2.1.4320.5030.113686129632252779806152571225_000087,yes
hdfs://hadoop-master:9000/lsdp_dataset/small_lsdp_dataset/2.8Gb Dignosis for Cancer_DOI_R_006_1.3.6.1.4.1.14519.5.2.1.4320.5030.203059346048546067166621241946_1.3.6.1.4.1.14519.5.2.1.4320.5030.113686129632252779806152571225_000088,yes
hdfs://hadoop-master:9000/lsdp_dataset/small_lsdp_dataset/2.8Gb Dignosis for Cancer_DOI_R_006_1.3.6.1.4.1.14519.5.2.1.4320.5030.203059346048546067166621241946_1.3.6.1.4.1.14519.5.2.1.4320.5030.113686129632252779806152571225_000089,yes
hdfs://hadoop-master:9000/lsdp_dataset/small_lsdp_dataset/2.8Gb Dignosis for Cancer_DOI_R_006_1.3.6.1.4.1.14519.5.2.1.4320.5030.203059346048546067166621241946_1.3.6.1.4.1.14519.5.2.1.4320.5030.113686129632252779806152571225_000090,yes
hdfs://hadoop-master:9000/lsdp_dataset/small_lsdp_dataset/2.8Gb Dignosis for Cancer_DOI_R_006_1.3.6.1.4.1.14519.5.2.1.4320.5030.203059346048546067166621241946_1.3.6.1.4.1.14519.5.2.1.4320.5030.113686129632252779806152571225_000091,yes
hdfs://hadoop-master:9000/lsdp_dataset/small_lsdp_dataset/2.8Gb Dignosis for Cancer_DOI_R_006_1.3.6.1.4.1.14519.5.2.1.4320.5030.203059346048546067166621241946_1.3.6.1.4.1.14519.5.2.1.4320.5030.113686129632252779806152571225_000092,yes
hdfs://hadoop-master:9000/lsdp_dataset/small_lsdp_dataset/2.8Gb Dignosis for Cancer_DOI_R_006_1.3.6.1.4.1.14519.5.2.1.4320.5030.203059346048546067166621241946_1.3.6.1.4.1.14519.5.2.1.4320.5030.113686129632252779806152571225_000093,yes
hdfs://hadoop-master:9000/lsdp_dataset/small_lsdp_dataset/2.8Gb Dignosis for Cancer_DOI_R_006_1.3.6.1.4.1.14519.5.2.1.4320.5030.203059346048546067166621241946_1.3.6.1.4.1.14519.5.2.1.4320.5030.113686129632252779806152571225_000094,no
hdfs://hadoop-master:9000/lsdp_dataset/small_lsdp_dataset/2.8Gb Dignosis for Cancer_DOI_R_006_1.3.6.1.4.1.14519.5.2.1.4320.5030.203059346048546067166621241946_1.3.6.1.4.1.14519.5.2.1.4320.5030.113686129632252779806152571225_000095,no
hdfs://hadoop-master:9000/lsdp_dataset/small_lsdp_dataset/2.8Gb Dignosis for Cancer_DOI_R_006_1.3.6.1.4.1.14519.5.2.1.4320.5030.203059346048546067166621241946_1.3.6.1.4.1.14519.5.2.1.4320.5030.113686129632252779806152571225_000096,yes
hdfs://hadoop-master:9000/lsdp_dataset/small_lsdp_dataset/2.8Gb Dignosis for Cancer_DOI_R_006_1.3.6.1.4.1.14519.5.2.1.4320.5030.203059346048546067166621241946_1.3.6.1.4.1.14519.5.2.1.4320.5030.113686129632252779806152571225_000097,no
hdfs://hadoop-master:9000/lsdp_dataset/small_lsdp_dataset/2.8Gb Dignosis for Cancer_DOI_R_006_1.3.6.1.4.1.14519.5.2.1.4320.5030.203059346048546067166621241946_1.3.6.1.4.1.14519.5.2.1.4320.5030.113686129632252779806152571225_000098,no
hdfs://hadoop-master:9000/lsdp_dataset/small_lsdp_dataset/2.8Gb Dignosis for Cancer_DOI_R_006_1.3.6.1.4.1.14519.5.2.1.4320.5030.203059346048546067166621241946_1.3.6.1.4.1.14519.5.2.1.4320.5030.113686129632252779806152571225_000099,yes
hdfs://hadoop-master:9000/lsdp_dataset/small_lsdp_dataset/2.8Gb Dignosis for Cancer_DOI_R_006_1.3.6.1.4.1.14519.5.2.1.4320.5030.203059346048546067166621241946_1.3.6.1.4.1.14519.5.2.1.4320.5030.113686129632252779806152571225_000100,no
hdfs://hadoop-master:9000/lsdp_dataset/small_lsdp_dataset/2.8Gb Dignosis for Cancer_DOI_R_006_1.3.6.1.4.1.14519.5.2.1.4320.5030.203059346048546067166621241946_1.3.6.1.4.1.14519.5.2.1.4320.5030.113686129632252779806152571225_000101,no
hdfs://hadoop-master:9000/lsdp_dataset/small_lsdp_dataset/2.8Gb Dignosis for Cancer_DOI_R_006_1.3.6.1.4.1.14519.5.2.1.4320.5030.203059346048546067166621241946_1.3.6.1.4.1.14519.5.2.1.4320.5030.113686129632252779806152571225_000102,no
hdfs://hadoop-master:9000/lsdp_dataset/small_lsdp_dataset/2.8Gb Dignosis for Cancer_DOI_R_006_1.3.6.1.4.1.14519.5.2.1.4320.5030.203059346048546067166621241946_1.3.6.1.4.1.14519.5.2.1.4320.5030.113686129632252779806152571225_000103,no
hdfs://hadoop-master:9000/lsdp_dataset/small_lsdp_dataset/2.8Gb Dignosis for Cancer_DOI_R_006_1.3.6.1.4.1.14519.5.2.1.4320.5030.203059346048546067166621241946_1.3.6.1.4.1.14519.5.2.1.4320.5030.113686129632252779806152571225_000104,no
hdfs://hadoop-master:9000/lsdp_dataset/small_lsdp_dataset/2.8Gb Dignosis for Cancer_DOI_R_006_1.3.6.1.4.1.14519.5.2.1.4320.5030.203059346048546067166621241946_1.3.6.1.4.1.14519.5.2.1.4320.5030.113686129632252779806152571225_000105,no
hdfs://hadoop-master:9000/lsdp_dataset/small_lsdp_dataset/2.8Gb Dignosis for Cancer_DOI_R_006_1.3.6.1.4.1.14519.5.2.1.4320.5030.203059346048546067166621241946_1.3.6.1.4.1.14519.5.2.1.4320.5030.113686129632252779806152571225_000106,no
hdfs://hadoop-master:9000/lsdp_dataset/small_lsdp_dataset/2.8Gb Dignosis for Cancer_DOI_R_006_1.3.6.1.4.1.14519.5.2.1.4320.5030.203059346048546067166621241946_1.3.6.1.4.1.14519.5.2.1.4320.5030.113686129632252779806152571225_000107,no
hdfs://hadoop-master:9000/lsdp_dataset/small_lsdp_dataset/2.8Gb Dignosis for Cancer_DOI_R_006_1.3.6.1.4.1.14519.5.2.1.4320.5030.203059346048546067166621241946_1.3.6.1.4.1.14519.5.2.1.4320.5030.113686129632252779806152571225_000108,no
hdfs://hadoop-master:9000/lsdp_dataset/small_lsdp_dataset/2.8Gb Dignosis for Cancer_DOI_R_006_1.3.6.1.4.1.14519.5.2.1.4320.5030.203059346048546067166621241946_1.3.6.1.4.1.14519.5.2.1.4320.5030.113686129632252779806152571225_000109,yes
hdfs://hadoop-master:9000/lsdp_dataset/small_lsdp_dataset/2.8Gb Dignosis for Cancer_DOI_R_006_1.3.6.1.4.1.14519.5.2.1.4320.5030.203059346048546067166621241946_1.3.6.1.4.1.14519.5.2.1.4320.5030.113686129632252779806152571225_000110,yes
hdfs://hadoop-master:9000/lsdp_dataset/small_lsdp_dataset/2.8Gb Dignosis for Cancer_DOI_R_006_1.3.6.1.4.1.14519.5.2.1.4320.5030.203059346048546067166621241946_1.3.6.1.4.1.14519.5.2.1.4320.5030.113686129632252779806152571225_000111,yes
hdfs://hadoop-master:9000/lsdp_dataset/small_lsdp_dataset/2.8Gb Dignosis for Cancer_DOI_R_006_1.3.6.1.4.1.14519.5.2.1.4320.5030.203059346048546067166621241946_1.3.6.1.4.1.14519.5.2.1.4320.5030.113686129632252779806152571225_000112,yes
hdfs://hadoop-master:9000/lsdp_dataset/small_lsdp_dataset/2.8Gb Dignosis for Cancer_DOI_R_006_1.3.6.1.4.1.14519.5.2.1.4320.5030.203059346048546067166621241946_1.3.6.1.4.1.14519.5.2.1.4320.5030.113686129632252779806152571225_000113,yes
hdfs://hadoop-master:9000/lsdp_dataset/small_lsdp_dataset/2.8Gb Dignosis for Cancer_DOI_R_006_1.3.6.1.4.1.14519.5.2.1.4320.5030.203059346048546067166621241946_1.3.6.1.4.1.14519.5.2.1.4320.5030.113686129632252779806152571225_000114,no
hdfs://hadoop-master:9000/lsdp_dataset/small_lsdp_dataset/2.8Gb Dignosis for Cancer_DOI_R_006_1.3.6.1.4.1.14519.5.2.1.4320.5030.203059346048546067166621241946_1.3.6.1.4.1.14519.5.2.1.4320.5030.113686129632252779806152571225_000115,yes
hdfs://hadoop-master:9000/lsdp_dataset/small_lsdp_dataset/2.8Gb Dignosis for Cancer_DOI_R_006_1.3.6.1.4.1.14519.5.2.1.4320.5030.203059346048546067166621241946_1.3.6.1.4.1.14519.5.2.1.4320.5030.113686129632252779806152571225_000116,yes
hdfs://hadoop-master:9000/lsdp_dataset/small_lsdp_dataset/2.8Gb Dignosis for Cancer_DOI_R_006_1.3.6.1.4.1.14519.5.2.1.4320.5030.203059346048546067166621241946_1.3.6.1.4.1.14519.5.2.1.4320.5030.113686129632252779806152571225_000117,yes
hdfs://hadoop-master:9000/lsdp_dataset/small_lsdp_dataset/2.8Gb Dignosis for Cancer_DOI_R_006_1.3.6.1.4.1.14519.5.2.1.4320.5030.203059346048546067166621241946_1.3.6.1.4.1.14519.5.2.1.4320.5030.113686129632252779806152571225_000118,yes
hdfs://hadoop-master:9000/lsdp_dataset/small_lsdp_dataset/2.8Gb Dignosis for Cancer_DOI_R_006_1.3.6.1.4.1.14519.5.2.1.4320.5030.203059346048546067166621241946_1.3.6.1.4.1.14519.5.2.1.4320.5030.113686129632252779806152571225_000119,yes
hdfs://hadoop-master:9000/lsdp_dataset/small_lsdp_dataset/2.8Gb Dignosis for Cancer_DOI_R_006_1.3.6.1.4.1.14519.5.2.1.4320.5030.203059346048546067166621241946_1.3.6.1.4.1.14519.5.2.1.4320.5030.113686129632252779806152571225_000120,yes
hdfs://hadoop-master:9000/lsdp_dataset/small_lsdp_dataset/2.8Gb Dignosis for Cancer_DOI_R_006_1.3.6.1.4.1.14519.5.2.1.4320.5030.203059346048546067166621241946_1.3.6.1.4.1.14519.5.2.1.4320.5030.113686129632252779806152571225_000121,yes
hdfs://hadoop-master:9000/lsdp_dataset/small_lsdp_dataset/2.8Gb Dignosis for Cancer_DOI_R_006_1.3.6.1.4.1.14519.5.2.1.4320.5030.203059346048546067166621241946_1.3.6.1.4.1.14519.5.2.1.4320.5030.113686129632252779806152571225_000122,yes
hdfs://hadoop-master:9000/lsdp_dataset/small_lsdp_dataset/2.8Gb Dignosis for Cancer_DOI_R_006_1.3.6.1.4.1.14519.5.2.1.4320.5030.203059346048546067166621241946_1.3.6.1.4.1.14519.5.2.1.4320.5030.113686129632252779806152571225_000123,yes
hdfs://hadoop-master:9000/lsdp_dataset/small_lsdp_dataset/2.8Gb Dignosis for Cancer_DOI_R_006_1.3.6.1.4.1.14519.5.2.1.4320.5030.203059346048546067166621241946_1.3.6.1.4.1.14519.5.2.1.4320.5030.113686129632252779806152571225_000124,yes
hdfs://hadoop-master:9000/lsdp_dataset/small_lsdp_dataset/2.8Gb Dignosis for Cancer_DOI_R_006_1.3.6.1.4.1.14519.5.2.1.4320.5030.203059346048546067166621241946_1.3.6.1.4.1.14519.5.2.1.4320.5030.113686129632252779806152571225_000125,yes
hdfs://hadoop-master:9000/lsdp_dataset/small_lsdp_dataset/2.8Gb Dignosis for Cancer_DOI_R_006_1.3.6.1.4.1.14519.5.2.1.4320.5030.203059346048546067166621241946_1.3.6.1.4.1.14519.5.2.1.4320.5030.113686129632252779806152571225_000126,yes
hdfs://hadoop-master:9000/lsdp_dataset/small_lsdp_dataset/2.8Gb Dignosis for Cancer_DOI_R_006_1.3.6.1.4.1.14519.5.2.1.4320.5030.203059346048546067166621241946_1.3.6.1.4.1.14519.5.2.1.4320.5030.113686129632252779806152571225_000127,yes
hdfs://hadoop-master:9000/lsdp_dataset/small_lsdp_dataset/2.8Gb Dignosis for Cancer_DOI_R_006_1.3.6.1.4.1.14519.5.2.1.4320.5030.203059346048546067166621241946_1.3.6.1.4.1.14519.5.2.1.4320.5030.113686129632252779806152571225_000128,yes
hdfs://hadoop-master:9000/lsdp_dataset/small_lsdp_dataset/2.8Gb Dignosis for Cancer_DOI_R_006_1.3.6.1.4.1.14519.5.2.1.4320.5030.203059346048546067166621241946_1.3.6.1.4.1.14519.5.2.1.4320.5030.113686129632252779806152571225_000129,yes
hdfs://hadoop-master:9000/lsdp_dataset/small_lsdp_dataset/2.8Gb Dignosis for Cancer_DOI_R_013_1.3.6.1.4.1.14519.5.2.1.4320.5030.858893877330075891307460974850_1.3.6.1.4.1.14519.5.2.1.4320.5030.108377250346249631601443486053_000000,yes
hdfs://hadoop-master:9000/lsdp_dataset/small_lsdp_dataset/2.8Gb Dignosis for Cancer_DOI_R_013_1.3.6.1.4.1.14519.5.2.1.4320.5030.858893877330075891307460974850_1.3.6.1.4.1.14519.5.2.1.4320.5030.108377250346249631601443486053_000001,no
hdfs://hadoop-master:9000/lsdp_dataset/small_lsdp_dataset/2.8Gb Dignosis for Cancer_DOI_R_013_1.3.6.1.4.1.14519.5.2.1.4320.5030.858893877330075891307460974850_1.3.6.1.4.1.14519.5.2.1.4320.5030.108377250346249631601443486053_000002,yes
hdfs://hadoop-master:9000/lsdp_dataset/small_lsdp_dataset/2.8Gb Dignosis for Cancer_DOI_R_013_1.3.6.1.4.1.14519.5.2.1.4320.5030.858893877330075891307460974850_1.3.6.1.4.1.14519.5.2.1.4320.5030.108377250346249631601443486053_000003,no
hdfs://hadoop-master:9000/lsdp_dataset/small_lsdp_dataset/2.8Gb Dignosis for Cancer_DOI_R_013_1.3.6.1.4.1.14519.5.2.1.4320.5030.858893877330075891307460974850_1.3.6.1.4.1.14519.5.2.1.4320.5030.108377250346249631601443486053_000004,no
hdfs://hadoop-master:9000/lsdp_dataset/small_lsdp_dataset/2.8Gb Dignosis for Cancer_DOI_R_013_1.3.6.1.4.1.14519.5.2.1.4320.5030.858893877330075891307460974850_1.3.6.1.4.1.14519.5.2.1.4320.5030.108377250346249631601443486053_000005,no
hdfs://hadoop-master:9000/lsdp_dataset/small_lsdp_dataset/2.8Gb Dignosis for Cancer_DOI_R_013_1.3.6.1.4.1.14519.5.2.1.4320.5030.858893877330075891307460974850_1.3.6.1.4.1.14519.5.2.1.4320.5030.108377250346249631601443486053_000006,yes
hdfs://hadoop-master:9000/lsdp_dataset/small_lsdp_dataset/2.8Gb Dignosis for Cancer_DOI_R_013_1.3.6.1.4.1.14519.5.2.1.4320.5030.858893877330075891307460974850_1.3.6.1.4.1.14519.5.2.1.4320.5030.108377250346249631601443486053_000007,yes
hdfs://hadoop-master:9000/lsdp_dataset/small_lsdp_dataset/2.8Gb Dignosis for Cancer_DOI_R_013_1.3.6.1.4.1.14519.5.2.1.4320.5030.858893877330075891307460974850_1.3.6.1.4.1.14519.5.2.1.4320.5030.108377250346249631601443486053_000008,yes
hdfs://hadoop-master:9000/lsdp_dataset/small_lsdp_dataset/2.8Gb Dignosis for Cancer_DOI_R_013_1.3.6.1.4.1.14519.5.2.1.4320.5030.858893877330075891307460974850_1.3.6.1.4.1.14519.5.2.1.4320.5030.108377250346249631601443486053_000009,yes
hdfs://hadoop-master:9000/lsdp_dataset/small_lsdp_dataset/2.8Gb Dignosis for Cancer_DOI_R_013_1.3.6.1.4.1.14519.5.2.1.4320.5030.858893877330075891307460974850_1.3.6.1.4.1.14519.5.2.1.4320.5030.108377250346249631601443486053_000010,yes
hdfs://hadoop-master:9000/lsdp_dataset/small_lsdp_dataset/2.8Gb Dignosis for Cancer_DOI_R_013_1.3.6.1.4.1.14519.5.2.1.4320.5030.858893877330075891307460974850_1.3.6.1.4.1.14519.5.2.1.4320.5030.108377250346249631601443486053_000011,yes
hdfs://hadoop-master:9000/lsdp_dataset/small_lsdp_dataset/2.8Gb Dignosis for Cancer_DOI_R_013_1.3.6.1.4.1.14519.5.2.1.4320.5030.858893877330075891307460974850_1.3.6.1.4.1.14519.5.2.1.4320.5030.108377250346249631601443486053_000012,yes
hdfs://hadoop-master:9000/lsdp_dataset/small_lsdp_dataset/2.8Gb Dignosis for Cancer_DOI_R_013_1.3.6.1.4.1.14519.5.2.1.4320.5030.858893877330075891307460974850_1.3.6.1.4.1.14519.5.2.1.4320.5030.108377250346249631601443486053_000013,yes
hdfs://hadoop-master:9000/lsdp_dataset/small_lsdp_dataset/2.8Gb Dignosis for Cancer_DOI_R_013_1.3.6.1.4.1.14519.5.2.1.4320.5030.858893877330075891307460974850_1.3.6.1.4.1.14519.5.2.1.4320.5030.108377250346249631601443486053_000014,yes
hdfs://hadoop-master:9000/lsdp_dataset/small_lsdp_dataset/2.8Gb Dignosis for Cancer_DOI_R_013_1.3.6.1.4.1.14519.5.2.1.4320.5030.858893877330075891307460974850_1.3.6.1.4.1.14519.5.2.1.4320.5030.108377250346249631601443486053_000015,no
hdfs://hadoop-master:9000/lsdp_dataset/small_lsdp_dataset/2.8Gb Dignosis for Cancer_DOI_R_013_1.3.6.1.4.1.14519.5.2.1.4320.5030.858893877330075891307460974850_1.3.6.1.4.1.14519.5.2.1.4320.5030.108377250346249631601443486053_000016,yes
hdfs://hadoop-master:9000/lsdp_dataset/small_lsdp_dataset/2.8Gb Dignosis for Cancer_DOI_R_013_1.3.6.1.4.1.14519.5.2.1.4320.5030.858893877330075891307460974850_1.3.6.1.4.1.14519.5.2.1.4320.5030.108377250346249631601443486053_000017,yes
hdfs://hadoop-master:9000/lsdp_dataset/small_lsdp_dataset/2.8Gb Dignosis for Cancer_DOI_R_013_1.3.6.1.4.1.14519.5.2.1.4320.5030.858893877330075891307460974850_1.3.6.1.4.1.14519.5.2.1.4320.5030.108377250346249631601443486053_000018,yes
hdfs://hadoop-master:9000/lsdp_dataset/small_lsdp_dataset/2.8Gb Dignosis for Cancer_DOI_R_013_1.3.6.1.4.1.14519.5.2.1.4320.5030.858893877330075891307460974850_1.3.6.1.4.1.14519.5.2.1.4320.5030.108377250346249631601443486053_000019,yes
hdfs://hadoop-master:9000/lsdp_dataset/small_lsdp_dataset/2.8Gb Dignosis for Cancer_DOI_R_013_1.3.6.1.4.1.14519.5.2.1.4320.5030.858893877330075891307460974850_1.3.6.1.4.1.14519.5.2.1.4320.5030.108377250346249631601443486053_000020,yes
hdfs://hadoop-master:9000/lsdp_dataset/small_lsdp_dataset/2.8Gb Dignosis for Cancer_DOI_R_013_1.3.6.1.4.1.14519.5.2.1.4320.5030.858893877330075891307460974850_1.3.6.1.4.1.14519.5.2.1.4320.5030.108377250346249631601443486053_000021,no
hdfs://hadoop-master:9000/lsdp_dataset/small_lsdp_dataset/2.8Gb Dignosis for Cancer_DOI_R_013_1.3.6.1.4.1.14519.5.2.1.4320.5030.858893877330075891307460974850_1.3.6.1.4.1.14519.5.2.1.4320.5030.108377250346249631601443486053_000022,yes
hdfs://hadoop-master:9000/lsdp_dataset/small_lsdp_dataset/2.8Gb Dignosis for Cancer_DOI_R_013_1.3.6.1.4.1.14519.5.2.1.4320.5030.858893877330075891307460974850_1.3.6.1.4.1.14519.5.2.1.4320.5030.108377250346249631601443486053_000023,yes
hdfs://hadoop-master:9000/lsdp_dataset/small_lsdp_dataset/2.8Gb Dignosis for Cancer_DOI_R_013_1.3.6.1.4.1.14519.5.2.1.4320.5030.858893877330075891307460974850_1.3.6.1.4.1.14519.5.2.1.4320.5030.108377250346249631601443486053_000024,yes
hdfs://hadoop-master:9000/lsdp_dataset/small_lsdp_dataset/2.8Gb Dignosis for Cancer_DOI_R_013_1.3.6.1.4.1.14519.5.2.1.4320.5030.858893877330075891307460974850_1.3.6.1.4.1.14519.5.2.1.4320.5030.108377250346249631601443486053_000025,yes
hdfs://hadoop-master:9000/lsdp_dataset/small_lsdp_dataset/2.8Gb Dignosis for Cancer_DOI_R_013_1.3.6.1.4.1.14519.5.2.1.4320.5030.858893877330075891307460974850_1.3.6.1.4.1.14519.5.2.1.4320.5030.108377250346249631601443486053_000026,yes
hdfs://hadoop-master:9000/lsdp_dataset/small_lsdp_dataset/2.8Gb Dignosis for Cancer_DOI_R_013_1.3.6.1.4.1.14519.5.2.1.4320.5030.858893877330075891307460974850_1.3.6.1.4.1.14519.5.2.1.4320.5030.108377250346249631601443486053_000027,yes
hdfs://hadoop-master:9000/lsdp_dataset/small_lsdp_dataset/2.8Gb Dignosis for Cancer_DOI_R_013_1.3.6.1.4.1.14519.5.2.1.4320.5030.858893877330075891307460974850_1.3.6.1.4.1.14519.5.2.1.4320.5030.108377250346249631601443486053_000028,yes
hdfs://hadoop-master:9000/lsdp_dataset/small_lsdp_dataset/2.8Gb Dignosis for Cancer_DOI_R_013_1.3.6.1.4.1.14519.5.2.1.4320.5030.858893877330075891307460974850_1.3.6.1.4.1.14519.5.2.1.4320.5030.108377250346249631601443486053_000029,yes
hdfs://hadoop-master:9000/lsdp_dataset/small_lsdp_dataset/2.8Gb Dignosis for Cancer_DOI_R_013_1.3.6.1.4.1.14519.5.2.1.4320.5030.858893877330075891307460974850_1.3.6.1.4.1.14519.5.2.1.4320.5030.108377250346249631601443486053_000030,yes
hdfs://hadoop-master:9000/lsdp_dataset/small_lsdp_dataset/2.8Gb Dignosis for Cancer_DOI_R_013_1.3.6.1.4.1.14519.5.2.1.4320.5030.858893877330075891307460974850_1.3.6.1.4.1.14519.5.2.1.4320.5030.108377250346249631601443486053_000031,yes
hdfs://hadoop-master:9000/lsdp_dataset/small_lsdp_dataset/2.8Gb Dignosis for Cancer_DOI_R_013_1.3.6.1.4.1.14519.5.2.1.4320.5030.858893877330075891307460974850_1.3.6.1.4.1.14519.5.2.1.4320.5030.108377250346249631601443486053_000032,yes
hdfs://hadoop-master:9000/lsdp_dataset/small_lsdp_dataset/2.8Gb Dignosis for Cancer_DOI_R_013_1.3.6.1.4.1.14519.5.2.1.4320.5030.858893877330075891307460974850_1.3.6.1.4.1.14519.5.2.1.4320.5030.108377250346249631601443486053_000033,yes
hdfs://hadoop-master:9000/lsdp_dataset/small_lsdp_dataset/2.8Gb Dignosis for Cancer_DOI_R_013_1.3.6.1.4.1.14519.5.2.1.4320.5030.858893877330075891307460974850_1.3.6.1.4.1.14519.5.2.1.4320.5030.108377250346249631601443486053_000034,yes
hdfs://hadoop-master:9000/lsdp_dataset/small_lsdp_dataset/2.8Gb Dignosis for Cancer_DOI_R_013_1.3.6.1.4.1.14519.5.2.1.4320.5030.858893877330075891307460974850_1.3.6.1.4.1.14519.5.2.1.4320.5030.108377250346249631601443486053_000035,yes
hdfs://hadoop-master:9000/lsdp_dataset/small_lsdp_dataset/2.8Gb Dignosis for Cancer_DOI_R_013_1.3.6.1.4.1.14519.5.2.1.4320.5030.858893877330075891307460974850_1.3.6.1.4.1.14519.5.2.1.4320.5030.108377250346249631601443486053_000036,yes
hdfs://hadoop-master:9000/lsdp_dataset/small_lsdp_dataset/2.8Gb Dignosis for Cancer_DOI_R_013_1.3.6.1.4.1.14519.5.2.1.4320.5030.858893877330075891307460974850_1.3.6.1.4.1.14519.5.2.1.4320.5030.108377250346249631601443486053_000037,yes
hdfs://hadoop-master:9000/lsdp_dataset/small_lsdp_dataset/2.8Gb Dignosis for Cancer_DOI_R_013_1.3.6.1.4.1.14519.5.2.1.4320.5030.858893877330075891307460974850_1.3.6.1.4.1.14519.5.2.1.4320.5030.108377250346249631601443486053_000038,yes
hdfs://hadoop-master:9000/lsdp_dataset/small_lsdp_dataset/2.8Gb Dignosis for Cancer_DOI_R_013_1.3.6.1.4.1.14519.5.2.1.4320.5030.858893877330075891307460974850_1.3.6.1.4.1.14519.5.2.1.4320.5030.108377250346249631601443486053_000039,yes
hdfs://hadoop-master:9000/lsdp_dataset/small_lsdp_dataset/2.8Gb Dignosis for Cancer_DOI_R_013_1.3.6.1.4.1.14519.5.2.1.4320.5030.858893877330075891307460974850_1.3.6.1.4.1.14519.5.2.1.4320.5030.108377250346249631601443486053_000040,yes
hdfs://hadoop-master:9000/lsdp_dataset/small_lsdp_dataset/2.8Gb Dignosis for Cancer_DOI_R_013_1.3.6.1.4.1.14519.5.2.1.4320.5030.858893877330075891307460974850_1.3.6.1.4.1.14519.5.2.1.4320.5030.108377250346249631601443486053_000041,yes
hdfs://hadoop-master:9000/lsdp_dataset/small_lsdp_dataset/2.8Gb Dignosis for Cancer_DOI_R_013_1.3.6.1.4.1.14519.5.2.1.4320.5030.858893877330075891307460974850_1.3.6.1.4.1.14519.5.2.1.4320.5030.108377250346249631601443486053_000042,yes
hdfs://hadoop-master:9000/lsdp_dataset/small_lsdp_dataset/2.8Gb Dignosis for Cancer_DOI_R_013_1.3.6.1.4.1.14519.5.2.1.4320.5030.858893877330075891307460974850_1.3.6.1.4.1.14519.5.2.1.4320.5030.108377250346249631601443486053_000043,yes
hdfs://hadoop-master:9000/lsdp_dataset/small_lsdp_dataset/2.8Gb Dignosis for Cancer_DOI_R_013_1.3.6.1.4.1.14519.5.2.1.4320.5030.858893877330075891307460974850_1.3.6.1.4.1.14519.5.2.1.4320.5030.108377250346249631601443486053_000044,yes
hdfs://hadoop-master:9000/lsdp_dataset/small_lsdp_dataset/2.8Gb Dignosis for Cancer_DOI_R_013_1.3.6.1.4.1.14519.5.2.1.4320.5030.858893877330075891307460974850_1.3.6.1.4.1.14519.5.2.1.4320.5030.108377250346249631601443486053_000045,yes
hdfs://hadoop-master:9000/lsdp_dataset/small_lsdp_dataset/2.8Gb Dignosis for Cancer_DOI_R_013_1.3.6.1.4.1.14519.5.2.1.4320.5030.858893877330075891307460974850_1.3.6.1.4.1.14519.5.2.1.4320.5030.108377250346249631601443486053_000046,yes
hdfs://hadoop-master:9000/lsdp_dataset/small_lsdp_dataset/2.8Gb Dignosis for Cancer_DOI_R_013_1.3.6.1.4.1.14519.5.2.1.4320.5030.858893877330075891307460974850_1.3.6.1.4.1.14519.5.2.1.4320.5030.108377250346249631601443486053_000047,yes
hdfs://hadoop-master:9000/lsdp_dataset/small_lsdp_dataset/2.8Gb Dignosis for Cancer_DOI_R_013_1.3.6.1.4.1.14519.5.2.1.4320.5030.858893877330075891307460974850_1.3.6.1.4.1.14519.5.2.1.4320.5030.108377250346249631601443486053_000048,yes
hdfs://hadoop-master:9000/lsdp_dataset/small_lsdp_dataset/2.8Gb Dignosis for Cancer_DOI_R_013_1.3.6.1.4.1.14519.5.2.1.4320.5030.858893877330075891307460974850_1.3.6.1.4.1.14519.5.2.1.4320.5030.108377250346249631601443486053_000049,no
hdfs://hadoop-master:9000/lsdp_dataset/small_lsdp_dataset/2.8Gb Dignosis for Cancer_DOI_R_013_1.3.6.1.4.1.14519.5.2.1.4320.5030.858893877330075891307460974850_1.3.6.1.4.1.14519.5.2.1.4320.5030.108377250346249631601443486053_000050,yes
hdfs://hadoop-master:9000/lsdp_dataset/small_lsdp_dataset/2.8Gb Dignosis for Cancer_DOI_R_013_1.3.6.1.4.1.14519.5.2.1.4320.5030.858893877330075891307460974850_1.3.6.1.4.1.14519.5.2.1.4320.5030.108377250346249631601443486053_000051,no
hdfs://hadoop-master:9000/lsdp_dataset/small_lsdp_dataset/2.8Gb Dignosis for Cancer_DOI_R_013_1.3.6.1.4.1.14519.5.2.1.4320.5030.858893877330075891307460974850_1.3.6.1.4.1.14519.5.2.1.4320.5030.108377250346249631601443486053_000052,no
hdfs://hadoop-master:9000/lsdp_dataset/small_lsdp_dataset/2.8Gb Dignosis for Cancer_DOI_R_013_1.3.6.1.4.1.14519.5.2.1.4320.5030.858893877330075891307460974850_1.3.6.1.4.1.14519.5.2.1.4320.5030.108377250346249631601443486053_000053,no
hdfs://hadoop-master:9000/lsdp_dataset/small_lsdp_dataset/2.8Gb Dignosis for Cancer_DOI_R_013_1.3.6.1.4.1.14519.5.2.1.4320.5030.858893877330075891307460974850_1.3.6.1.4.1.14519.5.2.1.4320.5030.108377250346249631601443486053_000054,yes
hdfs://hadoop-master:9000/lsdp_dataset/small_lsdp_dataset/2.8Gb Dignosis for Cancer_DOI_R_013_1.3.6.1.4.1.14519.5.2.1.4320.5030.858893877330075891307460974850_1.3.6.1.4.1.14519.5.2.1.4320.5030.108377250346249631601443486053_000055,no
hdfs://hadoop-master:9000/lsdp_dataset/small_lsdp_dataset/2.8Gb Dignosis for Cancer_DOI_R_013_1.3.6.1.4.1.14519.5.2.1.4320.5030.858893877330075891307460974850_1.3.6.1.4.1.14519.5.2.1.4320.5030.108377250346249631601443486053_000056,no
hdfs://hadoop-master:9000/lsdp_dataset/small_lsdp_dataset/2.8Gb Dignosis for Cancer_DOI_R_013_1.3.6.1.4.1.14519.5.2.1.4320.5030.858893877330075891307460974850_1.3.6.1.4.1.14519.5.2.1.4320.5030.108377250346249631601443486053_000057,no
hdfs://hadoop-master:9000/lsdp_dataset/small_lsdp_dataset/2.8Gb Dignosis for Cancer_DOI_R_013_1.3.6.1.4.1.14519.5.2.1.4320.5030.858893877330075891307460974850_1.3.6.1.4.1.14519.5.2.1.4320.5030.108377250346249631601443486053_000058,no
hdfs://hadoop-master:9000/lsdp_dataset/small_lsdp_dataset/2.8Gb Dignosis for Cancer_DOI_R_013_1.3.6.1.4.1.14519.5.2.1.4320.5030.858893877330075891307460974850_1.3.6.1.4.1.14519.5.2.1.4320.5030.108377250346249631601443486053_000059,no
hdfs://hadoop-master:9000/lsdp_dataset/small_lsdp_dataset/2.8Gb Dignosis for Cancer_DOI_R_013_1.3.6.1.4.1.14519.5.2.1.4320.5030.858893877330075891307460974850_1.3.6.1.4.1.14519.5.2.1.4320.5030.108377250346249631601443486053_000060,no
